{"cameraMode":{"drawMode":0,"name":"Shaded","section":"Shading Mode"},"sceneLighting":false,"audioPlay":false,"sceneViewState":{"m_AlwaysRefresh":false,"showFog":true,"showSkybox":false,"showFlares":true,"showImageEffects":true,"showParticleSystems":true,"showVisualEffectGraphs":true,"m_FxEnabled":true},"in2DMode":false,"pivot":{"x":0.033340539783239368,"y":1.319077491760254,"z":-0.5175323486328125},"rotation":{"x":-0.0003200268547516316,"y":0.9929476976394653,"z":-0.11852996796369553,"w":-0.0026800110936164858},"size":1.616796851158142,"orthographic":false}