{"cameraMode":{"drawMode":0,"name":"Shaded","section":"Shading Mode"},"sceneLighting":false,"audioPlay":false,"sceneViewState":{"m_AlwaysRefresh":false,"showFog":false,"showSkybox":false,"showFlares":false,"showImageEffects":false,"showParticleSystems":false,"showVisualEffectGraphs":true,"m_FxEnabled":true},"in2DMode":false,"pivot":{"x":-0.0701790452003479,"y":1.219139575958252,"z":-0.18760275840759278},"rotation":{"x":-0.0013466853415593505,"y":0.9983068108558655,"z":-0.0257714930921793,"w":-0.05215805396437645},"size":1.3665428161621094,"orthographic":false}