{"cameraMode":{"drawMode":0,"name":"Shaded","section":"Shading Mode"},"sceneLighting":false,"audioPlay":false,"sceneViewState":{"m_AlwaysRefresh":false,"showFog":true,"showSkybox":false,"showFlares":true,"showImageEffects":true,"showParticleSystems":true,"showVisualEffectGraphs":true,"m_FxEnabled":true},"in2DMode":false,"pivot":{"x":-1.1674883365631104,"y":1.5990307331085206,"z":-4.740658760070801},"rotation":{"x":-0.038478702306747439,"y":0.9587545394897461,"z":-0.1584734469652176,"w":-0.23279428482055665},"size":2.0289599895477297,"orthographic":false}