{"cameraMode":{"drawMode":0,"name":"Shaded","section":"Shading Mode"},"sceneLighting":true,"audioPlay":false,"sceneViewState":{"m_AlwaysRefresh":false,"showFog":true,"showSkybox":true,"showFlares":true,"showImageEffects":true,"showParticleSystems":true,"showVisualEffectGraphs":true,"m_FxEnabled":true},"in2DMode":false,"pivot":{"x":6.665677070617676,"y":-15.70189380645752,"z":-24.935441970825197},"rotation":{"x":0.06327435374259949,"y":0.9265059232711792,"z":-0.32389163970947268,"w":0.18092240393161775},"size":14.739532470703125,"orthographic":false}