{"cameraMode":{"drawMode":0,"name":"Shaded","section":"Shading Mode"},"sceneLighting":false,"audioPlay":false,"sceneViewState":{"m_AlwaysRefresh":false,"showFog":false,"showSkybox":false,"showFlares":false,"showImageEffects":false,"showParticleSystems":false,"showVisualEffectGraphs":true,"m_FxEnabled":true},"in2DMode":false,"pivot":{"x":-0.0016734004020690919,"y":0.8462169170379639,"z":0.06196819245815277},"rotation":{"x":0.38722941279411318,"y":0.2791281044483185,"z":-0.12425203621387482,"w":0.869892954826355},"size":1.1800546646118165,"orthographic":false}