{"cameraMode":{"drawMode":0,"name":"Shaded","section":"Shading Mode"},"sceneLighting":false,"audioPlay":false,"sceneViewState":{"m_AlwaysRefresh":false,"showFog":true,"showSkybox":false,"showFlares":true,"showImageEffects":true,"showParticleSystems":true,"showVisualEffectGraphs":true,"m_FxEnabled":true},"in2DMode":false,"pivot":{"x":-3.5762786865234377e-7,"y":0.8674342632293701,"z":-0.06195491552352905},"rotation":{"x":0.10381142795085907,"y":0.8915855288505554,"z":-0.2600608170032501,"w":0.3559049367904663},"size":1.4394941329956055,"orthographic":false}