{"cameraMode":{"drawMode":0,"name":"Shaded","section":"Shading Mode"},"sceneLighting":false,"audioPlay":false,"sceneViewState":{"m_AlwaysRefresh":false,"showFog":false,"showSkybox":false,"showFlares":false,"showImageEffects":false,"showParticleSystems":false,"showVisualEffectGraphs":true,"m_FxEnabled":true},"in2DMode":false,"pivot":{"x":-0.08598028123378754,"y":1.0404698848724366,"z":-0.7197279334068298},"rotation":{"x":-0.01066273171454668,"y":0.9775640964508057,"z":-0.2040817141532898,"w":-0.05107436329126358},"size":0.7898368239402771,"orthographic":false}