{"cameraMode":{"drawMode":0,"name":"Shaded","section":"Shading Mode"},"sceneLighting":false,"audioPlay":false,"sceneViewState":{"m_AlwaysRefresh":false,"showFog":false,"showSkybox":false,"showFlares":false,"showImageEffects":false,"showParticleSystems":false,"showVisualEffectGraphs":true,"m_FxEnabled":true},"in2DMode":false,"pivot":{"x":-0.019417256116867067,"y":0.8427691459655762,"z":-0.014073431491851807},"rotation":{"x":0.11776172369718552,"y":0.24460650980472566,"z":-0.029942989349365236,"w":0.9619811177253723},"size":1.2592839002609254,"orthographic":false}