{"cameraMode":{"drawMode":0,"name":"Shaded","section":"Shading Mode"},"sceneLighting":false,"audioPlay":false,"sceneViewState":{"m_AlwaysRefresh":false,"showFog":false,"showSkybox":false,"showFlares":false,"showImageEffects":false,"showParticleSystems":false,"showVisualEffectGraphs":true,"m_FxEnabled":true},"in2DMode":false,"pivot":{"x":0.003878176212310791,"y":0.7822024822235107,"z":0.02358633279800415},"rotation":{"x":0.1623004823923111,"y":0.832655668258667,"z":-0.32086002826690676,"w":0.42118242383003237},"size":1.5779008865356446,"orthographic":false}